PI,grant,center
Jaffe,U54-HG008097,Proteomics
Gray,U54-HG008100,Microenvironment
Ma'ayan,U54-HG008230,DCIC
Ma'ayan,U54-HL127624,DCIC
Iyengar,U54-HG008098,Drug Toxicity
Sorger,U54-HL127365,HMS
Sorger,U54-HG006097,HMS
Golub,U54-HL127366,Transcriptomics
Golub,U54-HG006093,Transcriptomics
Thompson,U54-NS091046,NeuroLINCS
Jaffe,U54HG008097,Proteomics
Gray,U54HG008100,Microenvironment
Ma'ayan,U54HG008230,DCIC
Ma'ayan,U54HL127624,DCIC
Iyengar,U54HG008098,Drug Toxicity
Sorger,U54HL127365,HMS
Sorger,U54HG006097,HMS
Golub,U54HL127366,Transcriptomics
Golub,U54HG006093,Transcriptomics
Thompson,U54NS091046,NeuroLINCS